index,original_index,location,price,bedroom,bathroom,square_feet,status,address,quote,building_age,building_durability,distance_from_coast,fire_station_proximity
0,0,chicago,1480,2,2,1075,Apartment for rent,"1245-51 S California Ave, 1245 S California Ave #1251-3, Chicago, IL 60608",NaN,NaN,NaN,NaN,NaN
1,2,chicago,7426,3,3,1854,Apartment for rent,"NEMA Chicago, 1210 S Indiana Ave #4606, Chicago, IL 60605",14.75,2,4.5,2,4.5
2,4,chicago,2650,0,1,630,Apartment for rent,"Fulbrix, 160 N Elizabeth St #2614, Chicago, IL 60607",14.75,2,4.5,3,4.5
3,5,chicago,2795,3,1,1710,Apartment for rent,"3447-49 N. Southport Ave., 3447-49 N Southport Ave, Chicago, IL 60657",14.92,2,4.5,3,4.5
4,9,chicago,2000,1,1,980,Apartment for rent,"3451-53 N. Southport Ave, 3451-53 N Southport Ave #3451-2, Chicago, IL 60657",14.92,2,4.5,3,4.5
5,16,chicago,1734,0,1,405,Apartment for rent,"The Jax, 1220 W Jackson Blvd #703, Chicago, IL 60607",14.75,2,4.5,3,4.5
6,31,chicago,2275,1,1,603,Apartment for rent,"The Erikson, 3728 N Lake Shore Dr #404, Chicago, IL 60613",14.92,2,4.5,2,4.5
7,37,chicago,2346,1,1,623,Apartment for rent,"The Jax, 1220 W Jackson Blvd #802, Chicago, IL 60607",14.75,2,4.5,3,4.5
8,42,chicago,2500,3,1,1036,Apartment for rent,"1407 W. Addison St., 1407 W Addison St, Chicago, IL 60613",14.92,2,4.5,3,4.5
9,60,chicago,6395,3,2,1473,Apartment for rent,"No. 508, 508 W Diversey Pkwy PENTHOUSE 2, Chicago, IL 60614",14.92,2,4.5,2,4.5
10,62,chicago,1779,0,1,500,Apartment for rent,"2555 N Clark St, 2555 N Clark St APT 1407, Chicago, IL 60614",14.92,1,4.5,2,4.5
11,63,chicago,3543,2,2,972,Apartment for rent,"The Hensley Apartments, 707 N Wells St UNIT 704, Chicago, IL 60654",14.75,2,4.5,2,4.5
12,79,chicago,1225,1,1,600,Apartment for rent,"7251 at Waters Edge Apartments, 7251 S South Shore Dr APT 16C, Chicago, IL 60649",14.75,5,4.5,2,4.5
13,82,chicago,3400,3,2,1400,Apartment for rent,"4641-47 N. Malden, 4641-47 N Malden St #4645-2, Chicago, IL 60640",14.92,5,4.5,2,4.5
14,85,chicago,1250,0,1,499,Apartment for rent,"Studio, 499 sqft, $1,250, 2715 N Milwaukee Ave #3110843, Chicago, IL 60647",14.59,2,4.5,3.5,4.5
15,91,chicago,1150,0,1,318,Apartment for rent,"Studio, 318 sqft, $1,150, 2536 N Sawyer Ave APT 411, Chicago, IL 60647",14.59,3,4.5,3.5,4.5
16,94,chicago,1155,0,1,440,Apartment for rent,"4720 S Drexel Blvd, 4720 S Drexel Blvd #4724-1C, Chicago, IL 60615",14.59,2,4.5,2,4.5
17,97,chicago,2243,1,1,612,Apartment for rent,"Reside on Barry, 533 W Barry Ave APT 2C, Chicago, IL 60657",14.92,2,4.5,2,4.5
18,118,chicago,1110,0,1,336,Apartment for rent,"Reside at 849, 849 W Buena Ave #55D2, Chicago, IL 60613",14.92,5,4.5,2,4.5
19,121,chicago,1797,1,1,610,Apartment for rent,"Reside on Pine Grove, 3610 N Pine Grove Ave APT 310, Chicago, IL 60613",14.92,2,4.5,2,4.5
20,126,chicago,1820,1,1,695,Apartment for rent,"Irving Courts by Reside, 718 W Irving Park Rd #2603, Chicago, IL 60613",14.92,2,4.5,2,4.5
21,158,chicago,4600,4,3,2600,Apartment for rent,"4520 North Beacon, 4520 N Beacon St #105, Chicago, IL 60640",14.92,2,4.5,3,4.5
22,165,chicago,925,1,1,575,Apartment for rent,"7944 S Paulina, 7944 S Paulina St #7950-2B, Chicago, IL 60620",NaN,NaN,NaN,NaN,NaN
23,169,chicago,2125,0,1,624,Apartment for rent,"Chestnut Place-Residential, 8 W. Chestnut St. Chicago #23J, Chicago, IL 60610",14.59,2,4.5,2,4.5
24,173,chicago,1095,0,1,366,Apartment for rent,"Studio, 366 sqft, $1,095, 3335 W Diversey Ave APT 336, Chicago, IL 60647",14.59,2,4.5,3.5,4.5
25,181,chicago,2064,1,1,750,Apartment for rent,"The Bryn - 5600 N Sheridan Rd, 5600 N Sheridan Rd #12D, Chicago, IL 60660",14.59,2,4.5,2,4.5
26,191,chicago,4000,5,2,1650,Apartment for rent,"5335-5337 S. Woodlawn Avenue, 5335 S Woodlawn Ave #3, Chicago, IL 60615",14.59,5,4.5,2,4.5
27,206,chicago,1095,0,1,342,Apartment for rent,"Studio, 342 sqft, $1,095, 2600 N Kimball Ave APT 105, Chicago, IL 60647",14.59,2,4.5,3.5,4.5
28,217,chicago,2620,1,1,730,Apartment for rent,"Shoreham and Tides, 400 E South Water St #2607, Chicago, IL 60601",14.75,2,4.5,2,4.5
29,218,chicago,3850,2,2,1156,Apartment for rent,"Motley School Apartments, 739 N Ada St #105, Chicago, IL 60642",14.75,2,4.5,3,4.5
30,239,chicago,1080,2,1,890,Apartment for rent,"7601 S. Yates Blvd, 7611 S Yates Ave, Chicago, IL 60649",14.75,2,4.5,2,4.5
31,241,chicago,2572,1,1,820,Apartment for rent,"GRAND PLAZA, 540 N State St APT 3908, Chicago, IL 60654",14.75,2,4.5,2,4.5
32,249,chicago,1300,1,1,800,Apartment for rent,"Francisco 6541-53, 6541-53 N Francisco Ave #6551-3A, Chicago, IL 60645",14.75,2,4.5,3,4.5
33,250,chicago,1250,1,1,900,Apartment for rent,"Lamon Courts Apartments, 3955 N Lamon Ave APT 307, Chicago, IL 60641",14.75,2,4.5,5,4.5
34,263,chicago,1734,1,1,623,Apartment for rent,"Anderson Point, 5700 N Ashland Ave APT 208, Chicago, IL 60660",14.59,5,4.5,2,4.5
35,265,chicago,3008,1,1,698,Apartment for rent,"Madison at Racine, 1164 W Madison St #207, Chicago, IL 60607",14.75,2,4.5,3,4.5
36,288,chicago,5125,3,3,1637,Apartment for rent,"420 E Ohio, 420 E Ohio St APT 36G, Chicago, IL 60611",14.75,2,4.5,2,4.5
37,291,chicago,2363,0,1,576,Apartment for rent,"Atwater Apartments, 355 E Ohio St UNIT 2203, Chicago, IL 60611",14.75,2,4.5,2,4.5
38,294,chicago,2049,0,1,488,Apartment for rent,"Spoke, 728 N Morgan St #S-0809, Chicago, IL 60642",14.75,2,4.5,3,4.5
39,296,chicago,1075,0,1,500,Apartment for rent,"Sheridan 5906, 5906 N Sheridan Rd APT 3F, Chicago, IL 60660",14.59,5,4.5,2,4.5
40,308,chicago,2086,1,1,538,Apartment for rent,"Wave Lakeview, 420 W Belmont Ave #19F-R, Chicago, IL 60657",14.92,5,4.5,2,4.5
41,309,chicago,1210,0,1,400,Apartment for rent,"Sheridan Shores, 640 W Sheridan Rd #640308, Chicago, IL 60613",14.92,2,4.5,2,4.5
42,310,chicago,1495,1,1,800,Apartment for rent,"931 W Leland Ave, 931 W Leland Ave APT 104, Chicago, IL 60640",14.92,2,4.5,2,4.5
43,317,chicago,1550,1,1,508,Apartment for rent,"5454 S Everett Ave., 5454 S Everett Ave APT 3B, Chicago, IL 60615",14.59,2,4.5,2,4.5
44,320,chicago,2605,1,1,718,Apartment for rent,"The Reed, 234 W Polk St #1707, Chicago, IL 60605",14.75,2,4.5,3,4.5
45,325,chicago,2095,1,1,970,Apartment for rent,"1900 S. Clark St., 1900 S Clark St APT 407, Chicago, IL 60616",14.75,2,4.5,2,4.5
46,329,chicago,1875,2,1,982,Apartment for rent,"5401-5405 S. Drexel Boulevard, 5401-5405 S Drexel Ave #5405-202, Chicago, IL 60615",14.59,2,4.5,3,4.5
47,334,chicago,1960,0,1,475,Apartment for rent,"North Harbor Tower, 175 N Harbor Dr APT 514, Chicago, IL 60601",14.75,2,4.5,2,4.5
48,343,chicago,2524,1,1,784,Apartment for rent,"Alta Grand Central, 221 W Harrison St #207-805, Chicago, IL 60607",14.75,2,4.5,2,4.5
49,349,chicago,3200,4,2,1846,Apartment for rent,"5468-70 S. Hyde Park Boulevard, 5468-70 S Hyde Park Blvd #5468-3, Chicago, IL 60615",14.59,2,4.5,2,4.5
50,350,chicago,1650,2,1,1050,Apartment for rent,"4500 N Winchester, 4500 N Winchester Ave, Chicago, IL 60640",14.92,5,4.5,2,4.5
51,359,chicago,2127,0,1,510,Apartment for rent,"Arkadia West Loop, 765 W Adams St APT 3009, Chicago, IL 60661",14.75,2,4.5,3,4.5
52,364,chicago,2431,1,1,795,Apartment for rent,"Columbus Plaza, 233 E Wacker Dr #14701, Chicago, IL 60601",14.75,5,4.5,2,4.5
53,368,chicago,1495,1,1,690,Apartment for rent,"1623 W Belmont, 1623 W Belmont Ave #I5, Chicago, IL 60657",14.92,2,4.5,3,4.5
54,372,chicago,2568,1,1,785,Apartment for rent,"One Superior Place, 1 W Superior St APT 3313, Chicago, IL 60654",14.75,2,4.5,2,4.5
55,385,chicago,2782,1,1,878,Apartment for rent,"Env Chicago, 161 W Kinzie St APT 1605, Chicago, IL 60654",14.75,2,4.5,2,4.5
56,386,chicago,2190,1,1,794,Apartment for rent,"1401 S. State, 1401 S State St UNIT 503, Chicago, IL 60605",14.75,2,4.5,2,4.5
57,391,chicago,1559,1,1,580,Apartment for rent,"515 W Briar, 515 W Briar Pl, Chicago, IL 60657",14.92,5,4.5,2,4.5
58,400,chicago,2600,1,1,746,Apartment for rent,"1819 Lofts, 1819 W Division St, Chicago, IL 60622",14.92,2,4.5,3,4.5
59,401,chicago,3800,5,2,2057,Apartment for rent,"5218-5220 S. Kimbark Avenue, 5218-5220 S Kimbark Ave #5218-3, Chicago, IL 60615",14.59,5,4.5,2,4.5
60,402,chicago,2295,1,2,930,Apartment for rent,"OA Lux, 1650 W Adams St APT 412, Chicago, IL 60612",14.75,2,4.5,5,4.5
61,411,chicago,3485,2,2,842,Apartment for rent,"1435 Wells, 1435 N Wells St #508, Chicago, IL 60610",14.59,2,4.5,2,4.5
62,412,chicago,2959,2,2,980,Apartment for rent,"1879 N Milwaukee, 1879 N Milwaukee Ave, Chicago, IL 60647",14.59,2,4.5,3,4.5
63,421,chicago,2450,2,1,755,Apartment for rent,"3915-21 N. Janssen, 3915-21 N Janssen Ave #3919-1E, Chicago, IL 60613",14.92,2,4.5,3,4.5
64,424,chicago,3595,3,2,1529,Apartment for rent,"1311 N. Damen Ave., 1311 N Damen Ave #1311, Chicago, IL 60622",14.92,5,4.5,3,4.5
65,425,chicago,1292,0,1,423,Apartment for rent,"Reside at 2727, 2727 N Pine Grove Ave APT 207, Chicago, IL 60614",14.92,2,4.5,2,4.5
66,435,chicago,12500,4,4.5,3283,Apartment for rent,"Norweta, 2611 N Hermitage Ave #318, Chicago, IL 60614",14.92,2,4.5,3,4.5
67,438,chicago,1695,1,1,790,Apartment for rent,"2804 - 2822 N. Cambridge Ave., 2804 N Cambridge Ave #2820-028, Chicago, IL 60657",14.92,2,4.5,2,4.5
68,441,chicago,2155,1,1,630,Apartment for rent,"1400 Wabash, 1400 S Wabash Ave #2207, Chicago, IL 60605",14.75,2,4.5,2,4.5
69,442,chicago,3265,2,2,1052,Apartment for rent,"1400 Wabash, 1400 S Wabash Ave #610, Chicago, IL 60605",14.75,2,4.5,2,4.5
70,443,chicago,2380,1,1,694,Apartment for rent,"1400 Wabash, 1400 S Wabash Ave #1404, Chicago, IL 60605",14.75,2,4.5,2,4.5
71,447,chicago,2165,1,1,630,Apartment for rent,"1400 Wabash, 1400 S Wabash Ave #2407, Chicago, IL 60605",14.75,2,4.5,2,4.5
72,448,chicago,1235,2,1,756,Apartment for rent,"7101 S Artesian Ave, 7101 S Artesian Ave UNIT 2421-2C, Chicago, IL 60629",NaN,NaN,NaN,NaN,NaN
73,449,chicago,2340,1,1,689,Apartment for rent,"1400 Wabash, 1400 S Wabash Ave #504, Chicago, IL 60605",14.75,2,4.5,2,4.5
74,451,chicago,2000,0,1,586,Apartment for rent,"1400 Wabash, 1400 S Wabash Ave #1609, Chicago, IL 60605",14.75,2,4.5,2,4.5
75,452,chicago,1980,0,1,516,Apartment for rent,"1400 Wabash, 1400 S Wabash Ave #2406, Chicago, IL 60605",14.75,2,4.5,2,4.5
76,455,chicago,1970,0,1,516,Apartment for rent,"1400 Wabash, 1400 S Wabash Ave #2206, Chicago, IL 60605",14.75,2,4.5,2,4.5
77,456,chicago,1395,0,1,550,Apartment for rent,"Granada, 525 W Arlington Pl, Chicago, IL 60614",14.92,2,4.5,2,4.5
78,458,chicago,2155,1,1,600,Apartment for rent,"1400 Wabash, 1400 S Wabash Ave #1108, Chicago, IL 60605",14.75,2,4.5,2,4.5
79,459,chicago,2390,1,1,693,Apartment for rent,"1400 Wabash, 1400 S Wabash Ave #1604, Chicago, IL 60605",14.75,2,4.5,2,4.5
80,460,chicago,2350,1,1,693,Apartment for rent,"1400 Wabash, 1400 S Wabash Ave #704, Chicago, IL 60605",14.75,2,4.5,2,4.5
81,471,chicago,3395,3,2,982,Apartment for rent,"2151-2153 W. Division St., 2151 W Division St #301, Chicago, IL 60622",14.92,2,4.5,3,4.5
82,477,chicago,1350,2,1,919,Apartment for rent,"2 bed, 919 sqft, $1,350, 1530 N Kedzie Ave APT 1B, Chicago, IL 60651",14.75,2,4.5,3.5,4.5
83,479,chicago,4148,2,2,1027,Apartment for rent,"Marlowe, 169 W Huron St #1303, Chicago, IL 60654",14.75,2,4.5,2,4.5
84,489,chicago,1675,2,1,770,Apartment for rent,"Dover, 4601 N Dover St, Chicago, IL 60640",14.92,2,4.5,3,4.5
85,503,chicago,1720,2,1,625,Apartment for rent,"Buena Shores, 833 W Buena Ave #8331604, Chicago, IL 60613",14.92,2,4.5,2,4.5
86,511,chicago,1395,2,1,850,Apartment for rent,"2048 N Kostner Ave., 2048 N Kostner Ave, Chicago, IL 60639",NaN,NaN,NaN,NaN,NaN
87,521,chicago,1545,1,1,700,Apartment for rent,"5900 N Sheridan Road, 5900 N Sheridan Rd APT 2A, Chicago, IL 60660",14.59,5,4.5,2,4.5
88,524,chicago,1090,1,1,600,Apartment for rent,"3501 W Adams St, 3501 W Adams St APT 3B, Chicago, IL 60624",NaN,NaN,NaN,NaN,NaN
89,525,chicago,2450,2,1,1100,Apartment for rent,"2056 W. Division St., 2056 W Division St APT 2E, Chicago, IL 60622",14.92,2,4.5,3,4.5
90,539,chicago,1300,0,1,350,Apartment for rent,"5501 S. Cornell, 5501 S Cornell Ave #A, Chicago, IL 60637",14.75,2,4.5,2,4.5
91,542,chicago,5110,2,2,1315,Apartment for rent,"Two West, 2 W Delaware Pl UNIT 808, Chicago, IL 60610",14.59,2,4.5,2,4.5
92,545,chicago,1005,1,1,600,Apartment for rent,"8000 S Paulina, 8000 S Paulina St UNIT 8006-2W, Chicago, IL 60620",14.75,2,4.5,2,4.5
93,552,chicago,5889,3,2,1486,Apartment for rent,"1225 Old Town, 1225 N Wells St APT 1308, Chicago, IL 60610",14.59,2,4.5,2,4.5
94,554,chicago,3150,3,2,1579,Apartment for rent,"5524-5526 S. Everett Avenue, 5524-5526 S Everett Ave #5524-2N, Chicago, IL 60637",14.75,2,4.5,3,4.5
95,559,chicago,5821,3,2,1406,Apartment for rent,"1225 Old Town, 1225 N Wells St APT 1604, Chicago, IL 60610",14.59,2,4.5,2,4.5
96,564,chicago,2150,3,1,950,Apartment for rent,"5350-5358 S. Maryland Avenue, 5350 S Maryland Ave #5358-3S, Chicago, IL 60615",14.59,2,4.5,3,4.5
97,565,chicago,1500,2,1,720,Apartment for rent,"1351 W. Touhy Ave., 1351 W Touhy Ave #1353-2S, Chicago, IL 60626",14.92,2,4.5,2,4.5
98,571,chicago,2150,2,1,758,Apartment for rent,"1900 N Lincoln Ave, 1900 N Lincoln Ave #1916-101, Chicago, IL 60614",14.92,2,4.5,5,4.5
99,579,chicago,1450,0,1,400,Apartment for rent,"Pittsfield Apartments, 55 E Washington St APT 1712, Chicago, IL 60602",14.75,2,4.5,2,4.5
100,581,chicago,3000,4,2,1432,Apartment for rent,"5237-5245 S. Kenwood Avenue, 5237-5245 S Kenwood Ave #5237-3, Chicago, IL 60615",14.59,2,4.5,2,4.5
101,582,chicago,2575,1,1,684,Apartment for rent,"1325 N Wells St, 1325 N Wells St #407, Chicago, IL 60610",14.75,2,4.5,2,4.5
102,583,chicago,1223,1,1,700,Apartment for rent,"Renaissance - 901 W Argyle St, 901 W Argyle St APT 4L, Chicago, IL 60640",14.92,2,4.5,2,4.5
103,591,chicago,3500,3,1,1270,Apartment for rent,"5706-10 S. Blackstone Ave, 5706-10 S Blackstone Ave, Chicago, IL 60637",14.75,5,4.5,2,4.5
104,592,chicago,1595,2,1,1000,Apartment for rent,"6435-43 N. Damen Ave., 6435 N Damen Ave #6439-3S, Chicago, IL 60645",14.92,2,4.5,3,4.5
105,597,chicago,1645,2,1,1000,Apartment for rent,"647 N Mayfield Ave, 647 N Mayfield Ave #1, Chicago, IL 60644",NaN,NaN,NaN,NaN,NaN
106,598,chicago,1295,0,1,475,Apartment for rent,"3734 N Pine Grove, 3734 N Pine Grove Ave APT 208, Chicago, IL 60613",14.92,2,4.5,2,4.5
107,604,chicago,1225,1,1,995,Apartment for rent,"5603-11 N. Glenwood Ave., 5603 N Glenwood Ave, Chicago, IL 60660",14.59,5,4.5,2,4.5
108,608,chicago,4500,2,2,1200,Apartment for rent,"Beach House Chicago, 7609 N Eastlake Ter, Chicago, IL 60626",14.92,5,4.5,2,4.5
109,611,chicago,1950,2,1,800,Apartment for rent,"Woodlawn Court, 5218 S Woodlawn Ave #22-3N, Chicago, IL 60615",14.59,2,4.5,2,4.5
110,621,chicago,875,1,1,500,Apartment for rent,"7715 S South Shore Dr, 7715 S South Shore Dr APT 413, Chicago, IL 60649",NaN,NaN,NaN,NaN,NaN
111,624,chicago,1950,2,1,800,Apartment for rent,"Kenwood Court, 1350 E 53rd St #1350-304, Chicago, IL 60615",14.59,2,4.5,2,4.5
112,625,chicago,3665,3,2,1146,Apartment for rent,"1545 W. North Ave., 1545 W North Ave UNIT 301, Chicago, IL 60642",14.75,2,4.5,3,4.5
113,626,chicago,2260,0,1,463,Apartment for rent,"Emme Chicago, 165 N Des Plaines St #914, Chicago, IL 60607",14.75,2,4.5,3,4.5
114,635,chicago,995,1,1,625,Apartment for rent,"6700 S Indiana, 6700 S Indiana Ave UNIT 123-3, Chicago, IL 60637",NaN,NaN,NaN,NaN,NaN
115,636,chicago,748,0,1,350,Apartment for rent,"Sheridan Park Preservation, 4536 N Magnolia Ave, Chicago, IL 60640",14.92,2,4.5,2,4.5
116,637,chicago,3185,2,2,1195,Apartment for rent,"City Club Apartments MDA, 63 E Lake St APT 2007, Chicago, IL 60601",14.75,2,4.5,2,4.5
117,639,chicago,1995,2,2,929,Apartment for rent,"1901-03 W. Addison St., 1901 W Addison St #3546G, Chicago, IL 60613",14.92,2,4.5,3,4.5
118,643,chicago,2900,2,1,1059,Apartment for rent,"5715-5725 S. Kimbark Avenue, 5715 S Kimbark Ave #57192, Chicago, IL 60637",14.75,2,4.5,2,4.5
119,645,chicago,1115,1,1,595,Apartment for rent,"10201 S St Lawrence Ave, 10201 S Saint Lawrence Ave #605-3, Chicago, IL 60628",NaN,NaN,NaN,NaN,NaN
120,646,chicago,1005,2,1,625,Apartment for rent,"7934-42 S Wabash, 7934 S Wabash Ave #G, Chicago, IL 60619",14.75,5,4.5,3.5,4.5
121,647,chicago,1325,2,1,800,Apartment for rent,"5870 W Lake St, 5870 W Lake St #643, Chicago, IL 60644",NaN,NaN,NaN,NaN,NaN
122,648,chicago,950,1,1,641,Apartment for rent,"8001-03 S Muskegon Ave, 8001 S Muskegon Ave #8003-3, Chicago, IL 60617",NaN,NaN,NaN,NaN,NaN
123,650,chicago,860,0,1,455,Apartment for rent,"8256 S Loomis Blvd, 8256 S Loomis Blvd #1406-1, Chicago, IL 60620",NaN,NaN,NaN,NaN,NaN
124,651,chicago,1060,2,1,596,Apartment for rent,"8101 S Justine, 8101 S Justine St #1515-3, Chicago, IL 60620",NaN,NaN,NaN,NaN,NaN
125,652,chicago,1650,2,1,950,Apartment for rent,"Shakespeare Apartments, 2903 W Shakespeare Ave #2911-3N, Chicago, IL 60647",14.59,2,4.5,3.5,4.5
126,660,chicago,2495,3,2,988,Apartment for rent,"5335-5345 S. Kimbark Avenue, 5335-5345 S Kimbark Ave #5337-1, Chicago, IL 60615",14.59,2,4.5,2,4.5
127,661,chicago,775,0,1,400,Apartment for rent,"7102 S Luella, 7102 S Luella Ave APT 202, Chicago, IL 60649",14.75,2,4.5,2,4.5
128,663,chicago,880,1,1,675,Apartment for rent,"7901-11 S Dobson Ave, 7901 S Dobson Ave #7911-1, Chicago, IL 60619",NaN,NaN,NaN,NaN,NaN
129,664,chicago,1095,2,1,796,Apartment for rent,"7800-06 S Morgan, 7800 S Morgan St #1011-2, Chicago, IL 60620",14.75,5,4.5,3.5,4.5
130,669,chicago,2154,0,1,584,Apartment for rent,"K Square, 1749 N Wells St APT 726, Chicago, IL 60614",14.92,1,4.5,2,4.5
131,673,chicago,945,1,1,775,Apartment for rent,"7924 S Vernon, 7924 S Vernon Ave #1R, Chicago, IL 60619",NaN,NaN,NaN,NaN,NaN
132,676,chicago,3995,2,2,1015,Apartment for rent,"1553 N. Wells St., 1553 N Wells St APT 303, Chicago, IL 60610",14.59,2,4.5,2,4.5
133,680,chicago,1295,1,1,650,Apartment for rent,"5300 Sheridan, 5300 N Sheridan Rd APT 410, Chicago, IL 60640",14.92,5,4.5,2,4.5
134,681,chicago,1520,1,1,861,Apartment for rent,"Larrabee Place at Parkside of Old Town, 545 W Division St, Chicago, IL 60610",14.59,3,4.5,2,4.5
135,686,chicago,2450,1,1,823,Apartment for rent,"K Square, 1749 N Wells St APT 2003, Chicago, IL 60614",14.92,1,4.5,2,4.5
136,694,chicago,1065,2,1,800,Apartment for rent,"7612 S Kingston, 7612 S Kingston Ave UNIT 7616-3C, Chicago, IL 60649",NaN,NaN,NaN,NaN,NaN
137,697,chicago,1425,3,1,1076,Apartment for rent,"7400 S Rhodes Ave, 7400 S Rhodes Ave APT 1, Chicago, IL 60619",NaN,NaN,NaN,NaN,NaN
138,701,chicago,3600,4,2,1864,Apartment for rent,"5111 S. Kimbark Avenue, 5111 S Kimbark Ave, Chicago, IL 60615",14.59,5,4.5,2,4.5
139,702,chicago,1750,2,2,1020,Apartment for rent,"1146 W. Morse Ave, 1146 W Morse Ave APT 1C, Chicago, IL 60626",14.92,5,4.5,2,4.5
140,704,chicago,2850,3,2,881,Apartment for rent,"5326-5336 S. Greenwood Avenue, 5326-5336 S Greenwood Ave #5336-213, Chicago, IL 60615",14.59,5,4.5,2,4.5
141,705,chicago,875,1,1,550,Apartment for rent,"7354-58 S Dorchester Ave, 7354 S Dorchester Ave #1350-3, Chicago, IL 60619",14.75,5,4.5,3,4.5
142,711,chicago,2025,2,2,1061,Apartment for rent,"The Residences at Kedzie, 4447 N Kedzie Ave APT 210, Chicago, IL 60625",14.75,2,4.5,3.5,4.5
143,712,chicago,1160,2,1,725,Apartment for rent,"654 N Pine Ave, 654 N Pine Ave #656-1, Chicago, IL 60644",NaN,NaN,NaN,NaN,NaN
144,714,chicago,1155,2,1,575,Apartment for rent,"5401-09 W Le Moyne St, 5401 W Le Moyne St #2, Chicago, IL 60651",NaN,NaN,NaN,NaN,NaN
145,717,chicago,2450,2,2,1047,Apartment for rent,"2000 N Milwaukee, 2000 Milwaukee Apartments, Chicago, IL 60647",14.59,2,4.5,3.5,4.5
146,718,chicago,885,1,1,500,Apartment for rent,"8208 S Drexel Ave, 8208 S Drexel Ave #2W, Chicago, IL 60619",NaN,NaN,NaN,NaN,NaN
147,722,chicago,1035,2,1,721,Apartment for rent,"7653 S Loomis Blvd, 7653 S Loomis Blvd #7655-3, Chicago, IL 60620",NaN,NaN,NaN,NaN,NaN
148,725,chicago,1215,2,1,800,Apartment for rent,"5732-34 W Washington, 5732 W Washington Blvd #5734-3, Chicago, IL 60644",NaN,NaN,NaN,NaN,NaN
149,728,chicago,775,1,1,525,Apartment for rent,"7706 South Coles, 7706 S Coles Ave, Chicago, IL 60649",NaN,NaN,NaN,NaN,NaN
150,729,chicago,1070,3,1,825,Apartment for rent,"7120 S East End, 7120 S East End Ave #7122-1S, Chicago, IL 60649",NaN,NaN,NaN,NaN,NaN
151,730,chicago,1090,2,1,700,Apartment for rent,"9244 S Saginaw, 9244 S Saginaw Ave UNIT 9246-3W, Chicago, IL 60617",14.75,5,4.5,3,4.5
152,731,chicago,850,1,1,675,Apartment for rent,"7920-26 S Evans, 7920 S Evans Ave #7926-G, Chicago, IL 60619",NaN,NaN,NaN,NaN,NaN
153,734,chicago,1020,2,1,550,Apartment for rent,"8640 S Ingleside Ave, 8640 S Ingleside Ave #1B, Chicago, IL 60619",NaN,NaN,NaN,NaN,NaN
154,735,chicago,2000,2,2,1175,Apartment for rent,"7129 W Belmont Ave, 7129 W Belmont Ave #XX1, Chicago, IL 60634",14.75,5,4.5,5,4.5
155,736,chicago,845,1,1,750,Apartment for rent,"7601 S Coles Ave, 7601 S Coles Ave #76073, Chicago, IL 60649",NaN,NaN,NaN,NaN,NaN
156,738,chicago,1050,1,1,500,Apartment for rent,"1115 S Karlov Ave, 1115 S Karlov Ave #1117-3, Chicago, IL 60624",NaN,NaN,NaN,NaN,NaN
157,744,chicago,1700,1,1,668,Apartment for rent,"5532 S. Kimbark Avenue, 5532 S Kimbark Ave #1G, Chicago, IL 60637",14.75,2,4.5,2,4.5
158,745,chicago,805,1,1,600,Apartment for rent,"6306 S Artesian, 6306 S Artesian Ave APT 3H, Chicago, IL 60629",NaN,NaN,NaN,NaN,NaN
159,748,chicago,2302,2,2,1036,Apartment for rent,"The Concord at Sheridan, 6438 N Sheridan Rd #511, Chicago, IL 60626",14.92,2,4.5,2,4.5
160,750,chicago,790,0,1,250,Apartment for rent,"801-05 E Drexel Square, 801 E Drexel Sq #805-3Q, Chicago, IL 60615",14.59,2,4.5,3,4.5
161,752,chicago,1395,2,1,840,Apartment for rent,"8456 S Wabash Ave, 8456 S Wabash Ave #26-3, Chicago, IL 60619",14.75,5,4.5,3.5,4.5
162,753,chicago,920,1,1,675,Apartment for rent,"1704 W 77th St, 1704 W 77th St #1708-3, Chicago, IL 60620",NaN,NaN,NaN,NaN,NaN
163,754,chicago,2095,1,1,970,Apartment for rent,"449-51 W Belden, 451 W Belden Ave #4511R, Chicago, IL 60614",14.92,2,4.5,2,4.5
164,759,chicago,1225,2,1,698,Apartment for rent,"1501 E 68th, 1501 E 68th St #1513-1, Chicago, IL 60637",14.75,2,4.5,2,4.5
165,761,chicago,975,2,1,800,Apartment for rent,"543-49 W 74th St, 543 W 74th St #3, Chicago, IL 60621",NaN,NaN,NaN,NaN,NaN
166,762,chicago,845,0,1,500,Apartment for rent,"7145-49 S Indiana Ave, 7145 S Indiana Ave #7149-1A, Chicago, IL 60619",14.75,2,4.5,3,4.5
167,763,chicago,900,1,1,650,Apartment for rent,"8101 S Drexel Ave, 8101 S Drexel Ave #903-1, Chicago, IL 60619",NaN,NaN,NaN,NaN,NaN
168,764,chicago,1065,2,1,925,Apartment for rent,"8100 S Drexel Ave, 8100 S Drexel Ave APT 3F, Chicago, IL 60619",NaN,NaN,NaN,NaN,NaN
169,766,chicago,980,2,1,840,Apartment for rent,"8100 S Throop St, 8100 S Throop St #1309-3, Chicago, IL 60620",NaN,NaN,NaN,NaN,NaN
170,767,chicago,1695,3,1,1100,Apartment for rent,"4853-59 S Prairie, 4853 S Prairie Ave #4859-2, Chicago, IL 60615",NaN,NaN,NaN,NaN,NaN
171,768,chicago,985,2,1,825,Apartment for rent,"7901 S Paxton, 7901 S Paxton Ave APT 1C, Chicago, IL 60617",14.75,2,4.5,3,4.5
172,773,chicago,1120,2,1,700,Apartment for rent,"1448 W 83rd, 1448 W 83rd St #1, Chicago, IL 60620",NaN,NaN,NaN,NaN,NaN
173,778,chicago,810,1,1,625,Apartment for rent,"8001-03 S Carpenter, 8001 S Carpenter St #1017-1, Chicago, IL 60620",14.75,2,4.5,3.5,4.5
174,779,chicago,885,2,1,650,Apartment for rent,"7914-16 S Kingston Ave, 7914 S Kingston Ave #7916-3W, Chicago, IL 60617",14.75,2,4.5,2,4.5
175,781,chicago,1185,2,1,750,Apartment for rent,"7406 S Perry Ave, 7406 S Perry Ave #131-2, Chicago, IL 60621",NaN,NaN,NaN,NaN,NaN
176,784,chicago,1500,2,1,925,Apartment for rent,"Drexel Terrace, 5043 S Drexel Blvd #201, Chicago, IL 60615",14.59,5,4.5,2,4.5
177,789,chicago,1045,2,1,900,Apartment for rent,"7914 S Hermitage Ave, 7914 S Hermitage Ave APT 1A, Chicago, IL 60620",NaN,NaN,NaN,NaN,NaN
178,793,chicago,740,0,1,375,Apartment for rent,"211-17 E 71st, 211 E 71st St #215-301, Chicago, IL 60619",14.75,2,4.5,3,4.5
179,796,chicago,900,1,1,505,Apartment for rent,"7825 S Emerald Ave, 7825 S Emerald Ave #7829-1A, Chicago, IL 60620",NaN,NaN,NaN,NaN,NaN
