"X","original_index","location","price","bedroom","bathroom","square_feet","status","address","quote","building_age","building_durability","distance_from_coast","fire_station_proximity","streets","zipcode","concat_add","latitude","longitude","geocoded","blocks","CrimeFrequency"
0,2,"chicago",7426,3,3,1854,"Apartment for rent","NEMA Chicago, 1210 S Indiana Ave #4606, Chicago, IL 60605",14.75,2,4.5,2,4.5,"1210 S Indiana Ave #4606",60605,"1210 S Indiana Ave #4606, chicago","41.8671308","-87.6233405","(41.8671308, -87.6233405)","012XX S Indiana Ave",47
1,4,"chicago",2650,0,1,630,"Apartment for rent","Fulbrix, 160 N Elizabeth St #2614, Chicago, IL 60607",14.75,2,4.5,3,4.5,"160 N Elizabeth St #2614",60607,"160 N Elizabeth St #2614, chicago","41.8847531","-87.65916539999999","(41.8847531, -87.65916539999999)","001XX N Elizabeth St",6
2,5,"chicago",2795,3,1,1710,"Apartment for rent","3447-49 N. Southport Ave., 3447-49 N Southport Ave, Chicago, IL 60657",14.92,2,4.5,3,4.5,"3447-49 N Southport Ave",60657,"3447-49 N Southport Ave, chicago","41.9448819","-87.6636971","(41.9448819, -87.6636971)","034XX N Southport Ave",37
3,9,"chicago",2000,1,1,980,"Apartment for rent","3451-53 N. Southport Ave, 3451-53 N Southport Ave #3451-2, Chicago, IL 60657",14.92,2,4.5,3,4.5,"3451-53 N Southport Ave #3451-2",60657,"3451-53 N Southport Ave #3451-2, chicago","41.9449791","-87.6637164","(41.9449791, -87.6637164)","034XX N Southport Ave",37
4,16,"chicago",1734,0,1,405,"Apartment for rent","The Jax, 1220 W Jackson Blvd #703, Chicago, IL 60607",14.75,2,4.5,3,4.5,"1220 W Jackson Blvd #703",60607,"1220 W Jackson Blvd #703, chicago","41.8780208","-87.65843579999999","(41.8780208, -87.65843579999999)","012XX W Jackson Blvd",18
5,31,"chicago",2275,1,1,603,"Apartment for rent","The Erikson, 3728 N Lake Shore Dr #404, Chicago, IL 60613",14.92,2,4.5,2,4.5,"3728 N Lake Shore Dr #404",60613,"3728 N Lake Shore Dr #404, chicago","41.9512688","-87.64516569999999","(41.9512688, -87.64516569999999)","037XX N Lake Shore",0
6,37,"chicago",2346,1,1,623,"Apartment for rent","The Jax, 1220 W Jackson Blvd #802, Chicago, IL 60607",14.75,2,4.5,3,4.5,"1220 W Jackson Blvd #802",60607,"1220 W Jackson Blvd #802, chicago","41.8780208","-87.65843579999999","(41.8780208, -87.65843579999999)","012XX W Jackson Blvd",18
7,42,"chicago",2500,3,1,1036,"Apartment for rent","1407 W. Addison St., 1407 W Addison St, Chicago, IL 60613",14.92,2,4.5,3,4.5,"1407 W Addison St",60613,"1407 W Addison St, chicago","41.9469007","-87.66429819999999","(41.9469007, -87.66429819999999)","014XX W Addison St",4
8,60,"chicago",6395,3,2,1473,"Apartment for rent","No. 508, 508 W Diversey Pkwy PENTHOUSE 2, Chicago, IL 60614",14.92,2,4.5,2,4.5,"508 W Diversey Pkwy PENTHOUSE 2",60614,"508 W Diversey Pkwy PENTHOUSE 2, chicago","41.9330798","-87.64198429999999","(41.9330798, -87.64198429999999)","005XX W Diversey Pkwy",17
9,62,"chicago",1779,0,1,500,"Apartment for rent","2555 N Clark St, 2555 N Clark St APT 1407, Chicago, IL 60614",14.92,1,4.5,2,4.5,"2555 N Clark St APT 1407",60614,"2555 N Clark St APT 1407, chicago","41.929697","-87.64215779999999","(41.929697, -87.64215779999999)","025XX N Clark St",51
10,63,"chicago",3543,2,2,972,"Apartment for rent","The Hensley Apartments, 707 N Wells St UNIT 704, Chicago, IL 60654",14.75,2,4.5,2,4.5,"707 N Wells St UNIT 704",60654,"707 N Wells St UNIT 704, chicago","41.89507930000001","-87.63378999999999","(41.89507930000001, -87.63378999999999)","007XX N Wells St",38
11,79,"chicago",1225,1,1,600,"Apartment for rent","7251 at Waters Edge Apartments, 7251 S South Shore Dr APT 16C, Chicago, IL 60649",14.75,5,4.5,2,4.5,"7251 S South Shore Dr APT 16C",60649,"7251 S South Shore Dr APT 16C, chicago","41.7648867","-87.56086739999999","(41.7648867, -87.56086739999999)","072XX S South Shore",0
12,82,"chicago",3400,3,2,1400,"Apartment for rent","4641-47 N. Malden, 4641-47 N Malden St #4645-2, Chicago, IL 60640",14.92,5,4.5,2,4.5,"4641-47 N Malden St #4645-2",60640,"4641-47 N Malden St #4645-2, chicago","41.9666281","-87.66218119999999","(41.9666281, -87.66218119999999)","046XX N Malden St",14
13,85,"chicago",1250,0,1,499,"Apartment for rent","Studio, 499 sqft, $1,250, 2715 N Milwaukee Ave #3110843, Chicago, IL 60647",14.59,2,4.5,3.5,4.5,"2715 N Milwaukee Ave #3110843",60647,"2715 N Milwaukee Ave #3110843, chicago","41.9306109","-87.7096844","(41.9306109, -87.7096844)","027XX N Milwaukee Ave",29
14,91,"chicago",1150,0,1,318,"Apartment for rent","Studio, 318 sqft, $1,150, 2536 N Sawyer Ave APT 411, Chicago, IL 60647",14.59,3,4.5,3.5,4.5,"2536 N Sawyer Ave APT 411",60647,"2536 N Sawyer Ave APT 411, chicago","41.9277033","-87.709857","(41.9277033, -87.709857)","025XX N Sawyer Ave",4
15,94,"chicago",1155,0,1,440,"Apartment for rent","4720 S Drexel Blvd, 4720 S Drexel Blvd #4724-1C, Chicago, IL 60615",14.59,2,4.5,2,4.5,"4720 S Drexel Blvd #4724-1C",60615,"4720 S Drexel Blvd #4724-1C, chicago","41.808873","-87.6047285","(41.808873, -87.6047285)","047XX S Drexel Blvd",32
16,97,"chicago",2243,1,1,612,"Apartment for rent","Reside on Barry, 533 W Barry Ave APT 2C, Chicago, IL 60657",14.92,2,4.5,2,4.5,"533 W Barry Ave APT 2C",60657,"533 W Barry Ave APT 2C, chicago","41.9374474","-87.64341189999999","(41.9374474, -87.64341189999999)","005XX W Barry Ave",11
17,118,"chicago",1110,0,1,336,"Apartment for rent","Reside at 849, 849 W Buena Ave #55D2, Chicago, IL 60613",14.92,5,4.5,2,4.5,"849 W Buena Ave #55D2",60613,"849 W Buena Ave #55D2, chicago","41.95819669999999","-87.6517471","(41.95819669999999, -87.6517471)","008XX W Buena Ave",55
18,121,"chicago",1797,1,1,610,"Apartment for rent","Reside on Pine Grove, 3610 N Pine Grove Ave APT 310, Chicago, IL 60613",14.92,2,4.5,2,4.5,"3610 N Pine Grove Ave APT 310",60613,"3610 N Pine Grove Ave APT 310, chicago","41.9481005","-87.6464328","(41.9481005, -87.6464328)","036XX N Pine Grove",0
19,126,"chicago",1820,1,1,695,"Apartment for rent","Irving Courts by Reside, 718 W Irving Park Rd #2603, Chicago, IL 60613",14.92,2,4.5,2,4.5,"718 W Irving Park Rd #2603",60613,"718 W Irving Park Rd #2603, chicago","41.9547809","-87.6492495","(41.9547809, -87.6492495)","007XX W Irving Park",0
20,158,"chicago",4600,4,3,2600,"Apartment for rent","4520 North Beacon, 4520 N Beacon St #105, Chicago, IL 60640",14.92,2,4.5,3,4.5,"4520 N Beacon St #105",60640,"4520 N Beacon St #105, chicago","41.9640861","-87.6642251","(41.9640861, -87.6642251)","045XX N Beacon St",12
21,169,"chicago",2125,0,1,624,"Apartment for rent","Chestnut Place-Residential, 8 W. Chestnut St. Chicago #23J, Chicago, IL 60610",14.59,2,4.5,2,4.5,"8 W. Chestnut St. Chicago #23J",60610,"8 W. Chestnut St. Chicago #23J, chicago","41.898124","-87.62848799999999","(41.898124, -87.62848799999999)","000XX W. Chestnut St.",0
22,173,"chicago",1095,0,1,366,"Apartment for rent","Studio, 366 sqft, $1,095, 3335 W Diversey Ave APT 336, Chicago, IL 60647",14.59,2,4.5,3.5,4.5,"3335 W Diversey Ave APT 336",60647,"3335 W Diversey Ave APT 336, chicago","41.9317784","-87.7112623","(41.9317784, -87.7112623)","033XX W Diversey Ave",9
23,181,"chicago",2064,1,1,750,"Apartment for rent","The Bryn - 5600 N Sheridan Rd, 5600 N Sheridan Rd #12D, Chicago, IL 60660",14.59,2,4.5,2,4.5,"5600 N Sheridan Rd #12D",60660,"5600 N Sheridan Rd #12D, chicago","41.9839704","-87.655453","(41.9839704, -87.655453)","056XX N Sheridan Rd",29
24,191,"chicago",4000,5,2,1650,"Apartment for rent","5335-5337 S. Woodlawn Avenue, 5335 S Woodlawn Ave #3, Chicago, IL 60615",14.59,5,4.5,2,4.5,"5335 S Woodlawn Ave #3",60615,"5335 S Woodlawn Ave #3, chicago","41.79841529999999","-87.5963788","(41.79841529999999, -87.5963788)","053XX S Woodlawn Ave",12
25,206,"chicago",1095,0,1,342,"Apartment for rent","Studio, 342 sqft, $1,095, 2600 N Kimball Ave APT 105, Chicago, IL 60647",14.59,2,4.5,3.5,4.5,"2600 N Kimball Ave APT 105",60647,"2600 N Kimball Ave APT 105, chicago","41.9284503","-87.7126091","(41.9284503, -87.7126091)","026XX N Kimball Ave",4
26,217,"chicago",2620,1,1,730,"Apartment for rent","Shoreham and Tides, 400 E South Water St #2607, Chicago, IL 60601",14.75,2,4.5,2,4.5,"400 E South Water St #2607",60601,"400 E South Water St #2607, chicago","41.8866104","-87.6166818","(41.8866104, -87.6166818)","004XX E South Water",0
27,218,"chicago",3850,2,2,1156,"Apartment for rent","Motley School Apartments, 739 N Ada St #105, Chicago, IL 60642",14.75,2,4.5,3,4.5,"739 N Ada St #105",60642,"739 N Ada St #105, chicago","41.895441","-87.6611212","(41.895441, -87.6611212)","007XX N Ada St",20
28,239,"chicago",1080,2,1,890,"Apartment for rent","7601 S. Yates Blvd, 7611 S Yates Ave, Chicago, IL 60649",14.75,2,4.5,2,4.5,"7611 S Yates Ave",60649,"7611 S Yates Ave, chicago","41.72260370000001","-87.56471409999999","(41.72260370000001, -87.56471409999999)","076XX S Yates Ave",0
29,241,"chicago",2572,1,1,820,"Apartment for rent","GRAND PLAZA, 540 N State St APT 3908, Chicago, IL 60654",14.75,2,4.5,2,4.5,"540 N State St APT 3908",60654,"540 N State St APT 3908, chicago","41.8919196","-87.6290468","(41.8919196, -87.6290468)","005XX N State St",221
30,249,"chicago",1300,1,1,800,"Apartment for rent","Francisco 6541-53, 6541-53 N Francisco Ave #6551-3A, Chicago, IL 60645",14.75,2,4.5,3,4.5,"6541-53 N Francisco Ave #6551-3A",60645,"6541-53 N Francisco Ave #6551-3A, chicago","42.0005846","-87.70176479999999","(42.0005846, -87.70176479999999)","065XX N Francisco Ave",9
31,250,"chicago",1250,1,1,900,"Apartment for rent","Lamon Courts Apartments, 3955 N Lamon Ave APT 307, Chicago, IL 60641",14.75,2,4.5,5,4.5,"3955 N Lamon Ave APT 307",60641,"3955 N Lamon Ave APT 307, chicago","41.9530892","-87.7496721","(41.9530892, -87.7496721)","039XX N Lamon Ave",1
32,263,"chicago",1734,1,1,623,"Apartment for rent","Anderson Point, 5700 N Ashland Ave APT 208, Chicago, IL 60660",14.59,5,4.5,2,4.5,"5700 N Ashland Ave APT 208",60660,"5700 N Ashland Ave APT 208, chicago","41.9852043","-87.6700384","(41.9852043, -87.6700384)","057XX N Ashland Ave",14
33,265,"chicago",3008,1,1,698,"Apartment for rent","Madison at Racine, 1164 W Madison St #207, Chicago, IL 60607",14.75,2,4.5,3,4.5,"1164 W Madison St #207",60607,"1164 W Madison St #207, chicago","41.8818683","-87.65698979999999","(41.8818683, -87.65698979999999)","011XX W Madison St",19
34,288,"chicago",5125,3,3,1637,"Apartment for rent","420 E Ohio, 420 E Ohio St APT 36G, Chicago, IL 60611",14.75,2,4.5,2,4.5,"420 E Ohio St APT 36G",60611,"420 E Ohio St APT 36G, chicago","41.89286449999999","-87.61651669999999","(41.89286449999999, -87.61651669999999)","004XX E Ohio St",41
35,291,"chicago",2363,0,1,576,"Apartment for rent","Atwater Apartments, 355 E Ohio St UNIT 2203, Chicago, IL 60611",14.75,2,4.5,2,4.5,"355 E Ohio St UNIT 2203",60611,"355 E Ohio St UNIT 2203, chicago","41.892347","-87.6184619","(41.892347, -87.6184619)","003XX E Ohio St",85
36,294,"chicago",2049,0,1,488,"Apartment for rent","Spoke, 728 N Morgan St #S-0809, Chicago, IL 60642",14.75,2,4.5,3,4.5,"728 N Morgan St #S-0809",60642,"728 N Morgan St #S-0809, chicago","41.8954031","-87.6527758","(41.8954031, -87.6527758)","007XX N Morgan St",18
37,296,"chicago",1075,0,1,500,"Apartment for rent","Sheridan 5906, 5906 N Sheridan Rd APT 3F, Chicago, IL 60660",14.59,5,4.5,2,4.5,"5906 N Sheridan Rd APT 3F",60660,"5906 N Sheridan Rd APT 3F, chicago","41.989378","-87.655779","(41.989378, -87.655779)","059XX N Sheridan Rd",24
38,308,"chicago",2086,1,1,538,"Apartment for rent","Wave Lakeview, 420 W Belmont Ave #19F-R, Chicago, IL 60657",14.92,5,4.5,2,4.5,"420 W Belmont Ave #19F-R",60657,"420 W Belmont Ave #19F-R, chicago","41.9404074","-87.6403998","(41.9404074, -87.6403998)","004XX W Belmont Ave",24
39,309,"chicago",1210,0,1,400,"Apartment for rent","Sheridan Shores, 640 W Sheridan Rd #640308, Chicago, IL 60613",14.92,2,4.5,2,4.5,"640 W Sheridan Rd #640308",60613,"640 W Sheridan Rd #640308, chicago","41.9532847","-87.64635679999999","(41.9532847, -87.64635679999999)","006XX W Sheridan Rd",17
40,310,"chicago",1495,1,1,800,"Apartment for rent","931 W Leland Ave, 931 W Leland Ave APT 104, Chicago, IL 60640",14.92,2,4.5,2,4.5,"931 W Leland Ave APT 104",60640,"931 W Leland Ave APT 104, chicago","41.9670224","-87.6536776","(41.9670224, -87.6536776)","009XX W Leland Ave",16
41,317,"chicago",1550,1,1,508,"Apartment for rent","5454 S Everett Ave., 5454 S Everett Ave APT 3B, Chicago, IL 60615",14.59,2,4.5,2,4.5,"5454 S Everett Ave APT 3B",60615,"5454 S Everett Ave APT 3B, chicago","41.7965869","-87.58297739999999","(41.7965869, -87.58297739999999)","054XX S Everett Ave",10
42,320,"chicago",2605,1,1,718,"Apartment for rent","The Reed, 234 W Polk St #1707, Chicago, IL 60605",14.75,2,4.5,3,4.5,"234 W Polk St #1707",60605,"234 W Polk St #1707, chicago","41.87205220000001","-87.63369709999999","(41.87205220000001, -87.63369709999999)","002XX W Polk St",0
43,325,"chicago",2095,1,1,970,"Apartment for rent","1900 S. Clark St., 1900 S Clark St APT 407, Chicago, IL 60616",14.75,2,4.5,2,4.5,"1900 S Clark St APT 407",60616,"1900 S Clark St APT 407, chicago","41.8563076","-87.630579","(41.8563076, -87.630579)","019XX S Clark St",4
44,329,"chicago",1875,2,1,982,"Apartment for rent","5401-5405 S. Drexel Boulevard, 5401-5405 S Drexel Ave #5405-202, Chicago, IL 60615",14.59,2,4.5,3,4.5,"5401-5405 S Drexel Ave #5405-202",60615,"5401-5405 S Drexel Ave #5405-202, chicago","41.79775100000001","-87.603543","(41.79775100000001, -87.603543)","054XX S Drexel Ave",8
45,334,"chicago",1960,0,1,475,"Apartment for rent","North Harbor Tower, 175 N Harbor Dr APT 514, Chicago, IL 60601",14.75,2,4.5,2,4.5,"175 N Harbor Dr APT 514",60601,"175 N Harbor Dr APT 514, chicago","41.8856232","-87.61544479999999","(41.8856232, -87.61544479999999)","001XX N Harbor Dr",43
46,343,"chicago",2524,1,1,784,"Apartment for rent","Alta Grand Central, 221 W Harrison St #207-805, Chicago, IL 60607",14.75,2,4.5,2,4.5,"221 W Harrison St #207-805",60607,"221 W Harrison St #207-805, chicago","41.8740898","-87.6344384","(41.8740898, -87.6344384)","002XX W Harrison St",14
47,349,"chicago",3200,4,2,1846,"Apartment for rent","5468-70 S. Hyde Park Boulevard, 5468-70 S Hyde Park Blvd #5468-3, Chicago, IL 60615",14.59,2,4.5,2,4.5,"5468-70 S Hyde Park Blvd #5468-3",60615,"5468-70 S Hyde Park Blvd #5468-3, chicago","41.795912","-87.5835795","(41.795912, -87.5835795)","054XX S Hyde Park",0
48,350,"chicago",1650,2,1,1050,"Apartment for rent","4500 N Winchester, 4500 N Winchester Ave, Chicago, IL 60640",14.92,5,4.5,2,4.5,"4500 N Winchester Ave",60640,"4500 N Winchester Ave, chicago","41.9635299","-87.6779644","(41.9635299, -87.6779644)","045XX N Winchester Ave",1
49,359,"chicago",2127,0,1,510,"Apartment for rent","Arkadia West Loop, 765 W Adams St APT 3009, Chicago, IL 60661",14.75,2,4.5,3,4.5,"765 W Adams St APT 3009",60661,"765 W Adams St APT 3009, chicago","41.878949","-87.6467818","(41.878949, -87.6467818)","007XX W Adams St",16
50,364,"chicago",2431,1,1,795,"Apartment for rent","Columbus Plaza, 233 E Wacker Dr #14701, Chicago, IL 60601",14.75,5,4.5,2,4.5,"233 E Wacker Dr #14701",60601,"233 E Wacker Dr #14701, chicago","41.8876107","-87.62121739999999","(41.8876107, -87.62121739999999)","002XX E Wacker Dr",11
51,368,"chicago",1495,1,1,690,"Apartment for rent","1623 W Belmont, 1623 W Belmont Ave #I5, Chicago, IL 60657",14.92,2,4.5,3,4.5,"1623 W Belmont Ave #I5",60657,"1623 W Belmont Ave #I5, chicago","41.9395766","-87.669592","(41.9395766, -87.669592)","016XX W Belmont Ave",22
52,372,"chicago",2568,1,1,785,"Apartment for rent","One Superior Place, 1 W Superior St APT 3313, Chicago, IL 60654",14.75,2,4.5,2,4.5,"1 W Superior St APT 3313",60654,"1 W Superior St APT 3313, chicago","41.8954525","-87.6289386","(41.8954525, -87.6289386)","000XX W Superior St",0
53,385,"chicago",2782,1,1,878,"Apartment for rent","Env Chicago, 161 W Kinzie St APT 1605, Chicago, IL 60654",14.75,2,4.5,2,4.5,"161 W Kinzie St APT 1605",60654,"161 W Kinzie St APT 1605, chicago","41.88903440000001","-87.63363869999999","(41.88903440000001, -87.63363869999999)","001XX W Kinzie St",108
54,386,"chicago",2190,1,1,794,"Apartment for rent","1401 S. State, 1401 S State St UNIT 503, Chicago, IL 60605",14.75,2,4.5,2,4.5,"1401 S State St UNIT 503",60605,"1401 S State St UNIT 503, chicago","41.8634989","-87.62704269999999","(41.8634989, -87.62704269999999)","014XX S State St",34
55,391,"chicago",1559,1,1,580,"Apartment for rent","515 W Briar, 515 W Briar Pl, Chicago, IL 60657",14.92,5,4.5,2,4.5,"515 W Briar Pl",60657,"515 W Briar Pl, chicago","41.9384186","-87.6425816","(41.9384186, -87.6425816)","005XX W Briar Pl",21
56,400,"chicago",2600,1,1,746,"Apartment for rent","1819 Lofts, 1819 W Division St, Chicago, IL 60622",14.92,2,4.5,3,4.5,"1819 W Division St",60622,"1819 W Division St, chicago","41.9030237","-87.6732475","(41.9030237, -87.6732475)","018XX W Division St",22
57,401,"chicago",3800,5,2,2057,"Apartment for rent","5218-5220 S. Kimbark Avenue, 5218-5220 S Kimbark Ave #5218-3, Chicago, IL 60615",14.59,5,4.5,2,4.5,"5218-5220 S Kimbark Ave #5218-3",60615,"5218-5220 S Kimbark Ave #5218-3, chicago","41.8003025","-87.5954386","(41.8003025, -87.5954386)","052XX S Kimbark Ave",4
58,402,"chicago",2295,1,2,930,"Apartment for rent","OA Lux, 1650 W Adams St APT 412, Chicago, IL 60612",14.75,2,4.5,5,4.5,"1650 W Adams St APT 412",60612,"1650 W Adams St APT 412, chicago","41.8790442","-87.6685545","(41.8790442, -87.6685545)","016XX W Adams St",7
59,411,"chicago",3485,2,2,842,"Apartment for rent","1435 Wells, 1435 N Wells St #508, Chicago, IL 60610",14.59,2,4.5,2,4.5,"1435 N Wells St #508",60610,"1435 N Wells St #508, chicago","41.9087129","-87.63434939999999","(41.9087129, -87.63434939999999)","014XX N Wells St",36
60,412,"chicago",2959,2,2,980,"Apartment for rent","1879 N Milwaukee, 1879 N Milwaukee Ave, Chicago, IL 60647",14.59,2,4.5,3,4.5,"1879 N Milwaukee Ave",60647,"1879 N Milwaukee Ave, chicago","41.9158136","-87.6854269","(41.9158136, -87.6854269)","018XX N Milwaukee Ave",34
61,421,"chicago",2450,2,1,755,"Apartment for rent","3915-21 N. Janssen, 3915-21 N Janssen Ave #3919-1E, Chicago, IL 60613",14.92,2,4.5,3,4.5,"3915-21 N Janssen Ave #3919-1E",60613,"3915-21 N Janssen Ave #3919-1E, chicago","41.953145","-87.6653548","(41.953145, -87.6653548)","039XX N Janssen Ave",6
62,424,"chicago",3595,3,2,1529,"Apartment for rent","1311 N. Damen Ave., 1311 N Damen Ave #1311, Chicago, IL 60622",14.92,5,4.5,3,4.5,"1311 N Damen Ave #1311",60622,"1311 N Damen Ave #1311, chicago","41.90543539999999","-87.6769711","(41.90543539999999, -87.6769711)","013XX N Damen Ave",9
63,425,"chicago",1292,0,1,423,"Apartment for rent","Reside at 2727, 2727 N Pine Grove Ave APT 207, Chicago, IL 60614",14.92,2,4.5,2,4.5,"2727 N Pine Grove Ave APT 207",60614,"2727 N Pine Grove Ave APT 207, chicago","41.9318697","-87.6404993","(41.9318697, -87.6404993)","027XX N Pine Grove",0
64,435,"chicago",12500,4,4.5,3283,"Apartment for rent","Norweta, 2611 N Hermitage Ave #318, Chicago, IL 60614",14.92,2,4.5,3,4.5,"2611 N Hermitage Ave #318",60614,"2611 N Hermitage Ave #318, chicago","41.9292259","-87.67171839999999","(41.9292259, -87.67171839999999)","026XX N Hermitage Ave",5
65,438,"chicago",1695,1,1,790,"Apartment for rent","2804 - 2822 N. Cambridge Ave., 2804 N Cambridge Ave #2820-028, Chicago, IL 60657",14.92,2,4.5,2,4.5,"2804 N Cambridge Ave #2820-028",60657,"2804 N Cambridge Ave #2820-028, chicago","41.9329717","-87.6428887","(41.9329717, -87.6428887)","028XX N Cambridge Ave",7
66,441,"chicago",2155,1,1,630,"Apartment for rent","1400 Wabash, 1400 S Wabash Ave #2207, Chicago, IL 60605",14.75,2,4.5,2,4.5,"1400 S Wabash Ave #2207",60605,"1400 S Wabash Ave #2207, chicago","41.8640496","-87.62613619999999","(41.8640496, -87.62613619999999)","014XX S Wabash Ave",20
67,442,"chicago",3265,2,2,1052,"Apartment for rent","1400 Wabash, 1400 S Wabash Ave #610, Chicago, IL 60605",14.75,2,4.5,2,4.5,"1400 S Wabash Ave #610",60605,"1400 S Wabash Ave #610, chicago","41.8640496","-87.62613619999999","(41.8640496, -87.62613619999999)","014XX S Wabash Ave",20
68,443,"chicago",2380,1,1,694,"Apartment for rent","1400 Wabash, 1400 S Wabash Ave #1404, Chicago, IL 60605",14.75,2,4.5,2,4.5,"1400 S Wabash Ave #1404",60605,"1400 S Wabash Ave #1404, chicago","41.8640496","-87.62613619999999","(41.8640496, -87.62613619999999)","014XX S Wabash Ave",20
69,447,"chicago",2165,1,1,630,"Apartment for rent","1400 Wabash, 1400 S Wabash Ave #2407, Chicago, IL 60605",14.75,2,4.5,2,4.5,"1400 S Wabash Ave #2407",60605,"1400 S Wabash Ave #2407, chicago","41.8640496","-87.62613619999999","(41.8640496, -87.62613619999999)","014XX S Wabash Ave",20
70,449,"chicago",2340,1,1,689,"Apartment for rent","1400 Wabash, 1400 S Wabash Ave #504, Chicago, IL 60605",14.75,2,4.5,2,4.5,"1400 S Wabash Ave #504",60605,"1400 S Wabash Ave #504, chicago","41.8640496","-87.62613619999999","(41.8640496, -87.62613619999999)","014XX S Wabash Ave",20
71,451,"chicago",2000,0,1,586,"Apartment for rent","1400 Wabash, 1400 S Wabash Ave #1609, Chicago, IL 60605",14.75,2,4.5,2,4.5,"1400 S Wabash Ave #1609",60605,"1400 S Wabash Ave #1609, chicago","41.8640496","-87.62613619999999","(41.8640496, -87.62613619999999)","014XX S Wabash Ave",20
72,452,"chicago",1980,0,1,516,"Apartment for rent","1400 Wabash, 1400 S Wabash Ave #2406, Chicago, IL 60605",14.75,2,4.5,2,4.5,"1400 S Wabash Ave #2406",60605,"1400 S Wabash Ave #2406, chicago","41.8640496","-87.62613619999999","(41.8640496, -87.62613619999999)","014XX S Wabash Ave",20
73,455,"chicago",1970,0,1,516,"Apartment for rent","1400 Wabash, 1400 S Wabash Ave #2206, Chicago, IL 60605",14.75,2,4.5,2,4.5,"1400 S Wabash Ave #2206",60605,"1400 S Wabash Ave #2206, chicago","41.8640496","-87.62613619999999","(41.8640496, -87.62613619999999)","014XX S Wabash Ave",20
74,456,"chicago",1395,0,1,550,"Apartment for rent","Granada, 525 W Arlington Pl, Chicago, IL 60614",14.92,2,4.5,2,4.5,"525 W Arlington Pl",60614,"525 W Arlington Pl, chicago","41.9264179","-87.642432","(41.9264179, -87.642432)","005XX W Arlington Pl",18
75,458,"chicago",2155,1,1,600,"Apartment for rent","1400 Wabash, 1400 S Wabash Ave #1108, Chicago, IL 60605",14.75,2,4.5,2,4.5,"1400 S Wabash Ave #1108",60605,"1400 S Wabash Ave #1108, chicago","41.8640496","-87.62613619999999","(41.8640496, -87.62613619999999)","014XX S Wabash Ave",20
76,459,"chicago",2390,1,1,693,"Apartment for rent","1400 Wabash, 1400 S Wabash Ave #1604, Chicago, IL 60605",14.75,2,4.5,2,4.5,"1400 S Wabash Ave #1604",60605,"1400 S Wabash Ave #1604, chicago","41.8640496","-87.62613619999999","(41.8640496, -87.62613619999999)","014XX S Wabash Ave",20
77,460,"chicago",2350,1,1,693,"Apartment for rent","1400 Wabash, 1400 S Wabash Ave #704, Chicago, IL 60605",14.75,2,4.5,2,4.5,"1400 S Wabash Ave #704",60605,"1400 S Wabash Ave #704, chicago","41.8640496","-87.62613619999999","(41.8640496, -87.62613619999999)","014XX S Wabash Ave",20
78,471,"chicago",3395,3,2,982,"Apartment for rent","2151-2153 W. Division St., 2151 W Division St #301, Chicago, IL 60622",14.92,2,4.5,3,4.5,"2151 W Division St #301",60622,"2151 W Division St #301, chicago","41.9028225","-87.6816906","(41.9028225, -87.6816906)","021XX W Division St",24
79,477,"chicago",1350,2,1,919,"Apartment for rent","2 bed, 919 sqft, $1,350, 1530 N Kedzie Ave APT 1B, Chicago, IL 60651",14.75,2,4.5,3.5,4.5,"1530 N Kedzie Ave APT 1B",60651,"1530 N Kedzie Ave APT 1B, chicago","41.90935899999999","-87.70744739999999","(41.90935899999999, -87.70744739999999)","015XX N Kedzie Ave",17
80,479,"chicago",4148,2,2,1027,"Apartment for rent","Marlowe, 169 W Huron St #1303, Chicago, IL 60654",14.75,2,4.5,2,4.5,"169 W Huron St #1303",60654,"169 W Huron St #1303, chicago","41.8942887","-87.63377709999999","(41.8942887, -87.63377709999999)","001XX W Huron St",52
81,489,"chicago",1675,2,1,770,"Apartment for rent","Dover, 4601 N Dover St, Chicago, IL 60640",14.92,2,4.5,3,4.5,"4601 N Dover St",60640,"4601 N Dover St, chicago","41.9654891","-87.6650519","(41.9654891, -87.6650519)","046XX N Dover St",15
82,503,"chicago",1720,2,1,625,"Apartment for rent","Buena Shores, 833 W Buena Ave #8331604, Chicago, IL 60613",14.92,2,4.5,2,4.5,"833 W Buena Ave #8331604",60613,"833 W Buena Ave #8331604, chicago","41.9581993","-87.65107119999999","(41.9581993, -87.65107119999999)","008XX W Buena Ave",55
83,521,"chicago",1545,1,1,700,"Apartment for rent","5900 N Sheridan Road, 5900 N Sheridan Rd APT 2A, Chicago, IL 60660",14.59,5,4.5,2,4.5,"5900 N Sheridan Rd APT 2A",60660,"5900 N Sheridan Rd APT 2A, chicago","41.9892805","-87.6557193","(41.9892805, -87.6557193)","059XX N Sheridan Rd",24
84,525,"chicago",2450,2,1,1100,"Apartment for rent","2056 W. Division St., 2056 W Division St APT 2E, Chicago, IL 60622",14.92,2,4.5,3,4.5,"2056 W Division St APT 2E",60622,"2056 W Division St APT 2E, chicago","41.90337419999999","-87.6794939","(41.90337419999999, -87.6794939)","020XX W Division St",39
85,539,"chicago",1300,0,1,350,"Apartment for rent","5501 S. Cornell, 5501 S Cornell Ave #A, Chicago, IL 60637",14.75,2,4.5,2,4.5,"5501 S Cornell Ave #A",60637,"5501 S Cornell Ave #A, chicago","41.7950534","-87.58524779999999","(41.7950534, -87.58524779999999)","055XX S Cornell Ave",13
86,542,"chicago",5110,2,2,1315,"Apartment for rent","Two West, 2 W Delaware Pl UNIT 808, Chicago, IL 60610",14.59,2,4.5,2,4.5,"2 W Delaware Pl UNIT 808",60610,"2 W Delaware Pl UNIT 808, chicago","41.8994143","-87.6288036","(41.8994143, -87.6288036)","000XX W Delaware Pl",0
87,545,"chicago",1005,1,1,600,"Apartment for rent","8000 S Paulina, 8000 S Paulina St UNIT 8006-2W, Chicago, IL 60620",14.75,2,4.5,2,4.5,"8000 S Paulina St UNIT 8006-2W",60620,"8000 S Paulina St UNIT 8006-2W, chicago","41.7480945","-87.6661821","(41.7480945, -87.6661821)","080XX S Paulina St",14
88,552,"chicago",5889,3,2,1486,"Apartment for rent","1225 Old Town, 1225 N Wells St APT 1308, Chicago, IL 60610",14.59,2,4.5,2,4.5,"1225 N Wells St APT 1308",60610,"1225 N Wells St APT 1308, chicago","41.904711","-87.6343284","(41.904711, -87.6343284)","012XX N Wells St",55
89,554,"chicago",3150,3,2,1579,"Apartment for rent","5524-5526 S. Everett Avenue, 5524-5526 S Everett Ave #5524-2N, Chicago, IL 60637",14.75,2,4.5,3,4.5,"5524-5526 S Everett Ave #5524-2N",60637,"5524-5526 S Everett Ave #5524-2N, chicago","41.7946049","-87.5829088","(41.7946049, -87.5829088)","055XX S Everett Ave",41
90,559,"chicago",5821,3,2,1406,"Apartment for rent","1225 Old Town, 1225 N Wells St APT 1604, Chicago, IL 60610",14.59,2,4.5,2,4.5,"1225 N Wells St APT 1604",60610,"1225 N Wells St APT 1604, chicago","41.904711","-87.6343284","(41.904711, -87.6343284)","012XX N Wells St",55
91,564,"chicago",2150,3,1,950,"Apartment for rent","5350-5358 S. Maryland Avenue, 5350 S Maryland Ave #5358-3S, Chicago, IL 60615",14.59,2,4.5,3,4.5,"5350 S Maryland Ave #5358-3S",60615,"5350 S Maryland Ave #5358-3S, chicago","41.79696999999999","-87.6052919","(41.79696999999999, -87.6052919)","053XX S Maryland Ave",20
92,565,"chicago",1500,2,1,720,"Apartment for rent","1351 W. Touhy Ave., 1351 W Touhy Ave #1353-2S, Chicago, IL 60626",14.92,2,4.5,2,4.5,"1351 W Touhy Ave #1353-2S",60626,"1351 W Touhy Ave #1353-2S, chicago","42.012608","-87.66552589999999","(42.012608, -87.66552589999999)","013XX W Touhy Ave",23
93,571,"chicago",2150,2,1,758,"Apartment for rent","1900 N Lincoln Ave, 1900 N Lincoln Ave #1916-101, Chicago, IL 60614",14.92,2,4.5,5,4.5,"1900 N Lincoln Ave #1916-101",60614,"1900 N Lincoln Ave #1916-101, chicago","41.9167034","-87.6368751","(41.9167034, -87.6368751)","019XX N Lincoln Ave",14
94,579,"chicago",1450,0,1,400,"Apartment for rent","Pittsfield Apartments, 55 E Washington St APT 1712, Chicago, IL 60602",14.75,2,4.5,2,4.5,"55 E Washington St APT 1712",60602,"55 E Washington St APT 1712, chicago","41.88305580000001","-87.62577309999999","(41.88305580000001, -87.62577309999999)","000XX E Washington St",0
95,581,"chicago",3000,4,2,1432,"Apartment for rent","5237-5245 S. Kenwood Avenue, 5237-5245 S Kenwood Ave #5237-3, Chicago, IL 60615",14.59,2,4.5,2,4.5,"5237-5245 S Kenwood Ave #5237-3",60615,"5237-5245 S Kenwood Ave #5237-3, chicago","41.7999345","-87.5924727","(41.7999345, -87.5924727)","052XX S Kenwood Ave",17
96,582,"chicago",2575,1,1,684,"Apartment for rent","1325 N Wells St, 1325 N Wells St #407, Chicago, IL 60610",14.75,2,4.5,2,4.5,"1325 N Wells St #407",60610,"1325 N Wells St #407, chicago","41.9065029","-87.6342004","(41.9065029, -87.6342004)","013XX N Wells St",21
97,583,"chicago",1223,1,1,700,"Apartment for rent","Renaissance - 901 W Argyle St, 901 W Argyle St APT 4L, Chicago, IL 60640",14.92,2,4.5,2,4.5,"901 W Argyle St APT 4L",60640,"901 W Argyle St APT 4L, chicago","41.9730982","-87.65275419999999","(41.9730982, -87.65275419999999)","009XX W Argyle St",23
98,591,"chicago",3500,3,1,1270,"Apartment for rent","5706-10 S. Blackstone Ave, 5706-10 S Blackstone Ave, Chicago, IL 60637",14.75,5,4.5,2,4.5,"5706-10 S Blackstone Ave",60637,"5706-10 S Blackstone Ave, chicago","41.7911888","-87.59064509999999","(41.7911888, -87.59064509999999)","057XX S Blackstone Ave",10
99,592,"chicago",1595,2,1,1000,"Apartment for rent","6435-43 N. Damen Ave., 6435 N Damen Ave #6439-3S, Chicago, IL 60645",14.92,2,4.5,3,4.5,"6435 N Damen Ave #6439-3S",60645,"6435 N Damen Ave #6439-3S, chicago","41.9991343","-87.67975679999999","(41.9991343, -87.67975679999999)","064XX N Damen Ave",18
100,598,"chicago",1295,0,1,475,"Apartment for rent","3734 N Pine Grove, 3734 N Pine Grove Ave APT 208, Chicago, IL 60613",14.92,2,4.5,2,4.5,"3734 N Pine Grove Ave APT 208",60613,"3734 N Pine Grove Ave APT 208, chicago","41.9506075","-87.6477464","(41.9506075, -87.6477464)","037XX N Pine Grove",0
101,604,"chicago",1225,1,1,995,"Apartment for rent","5603-11 N. Glenwood Ave., 5603 N Glenwood Ave, Chicago, IL 60660",14.59,5,4.5,2,4.5,"5603 N Glenwood Ave",60660,"5603 N Glenwood Ave, chicago","41.983812","-87.66466799999999","(41.983812, -87.66466799999999)","056XX N Glenwood Ave",10
102,608,"chicago",4500,2,2,1200,"Apartment for rent","Beach House Chicago, 7609 N Eastlake Ter, Chicago, IL 60626",14.92,5,4.5,2,4.5,"7609 N Eastlake Ter",60626,"7609 N Eastlake Ter, chicago","42.0195857","-87.6642394","(42.0195857, -87.6642394)","076XX N Eastlake Ter",13
103,611,"chicago",1950,2,1,800,"Apartment for rent","Woodlawn Court, 5218 S Woodlawn Ave #22-3N, Chicago, IL 60615",14.59,2,4.5,2,4.5,"5218 S Woodlawn Ave #22-3N",60615,"5218 S Woodlawn Ave #22-3N, chicago","41.8002305","-87.59731099999999","(41.8002305, -87.59731099999999)","052XX S Woodlawn Ave",23
104,624,"chicago",1950,2,1,800,"Apartment for rent","Kenwood Court, 1350 E 53rd St #1350-304, Chicago, IL 60615",14.59,2,4.5,2,4.5,"1350 E 53rd St #1350-304",60615,"1350 E 53rd St #1350-304, chicago","41.7996909","-87.5928385","(41.7996909, -87.5928385)","013XX E 53rd St",36
105,625,"chicago",3665,3,2,1146,"Apartment for rent","1545 W. North Ave., 1545 W North Ave UNIT 301, Chicago, IL 60642",14.75,2,4.5,3,4.5,"1545 W North Ave UNIT 301",60642,"1545 W North Ave UNIT 301, chicago","41.9104305","-87.6669444","(41.9104305, -87.6669444)","015XX W North Ave",16
106,626,"chicago",2260,0,1,463,"Apartment for rent","Emme Chicago, 165 N Des Plaines St #914, Chicago, IL 60607",14.75,2,4.5,3,4.5,"165 N Des Plaines St #914",60607,"165 N Des Plaines St #914, chicago","41.8850065","-87.64402919999999","(41.8850065, -87.64402919999999)","001XX N Des Plaines",0
107,636,"chicago",748,0,1,350,"Apartment for rent","Sheridan Park Preservation, 4536 N Magnolia Ave, Chicago, IL 60640",14.92,2,4.5,2,4.5,"4536 N Magnolia Ave",60640,"4536 N Magnolia Ave, chicago","41.9646096","-87.6614075","(41.9646096, -87.6614075)","045XX N Magnolia Ave",49
108,637,"chicago",3185,2,2,1195,"Apartment for rent","City Club Apartments MDA, 63 E Lake St APT 2007, Chicago, IL 60601",14.75,2,4.5,2,4.5,"63 E Lake St APT 2007",60601,"63 E Lake St APT 2007, chicago","41.88558099999999","-87.6257005","(41.88558099999999, -87.6257005)","000XX E Lake St",0
109,639,"chicago",1995,2,2,929,"Apartment for rent","1901-03 W. Addison St., 1901 W Addison St #3546G, Chicago, IL 60613",14.92,2,4.5,3,4.5,"1901 W Addison St #3546G",60613,"1901 W Addison St #3546G, chicago","41.946616","-87.676327","(41.946616, -87.676327)","019XX W Addison St",6
110,643,"chicago",2900,2,1,1059,"Apartment for rent","5715-5725 S. Kimbark Avenue, 5715 S Kimbark Ave #57192, Chicago, IL 60637",14.75,2,4.5,2,4.5,"5715 S Kimbark Ave #57192",60637,"5715 S Kimbark Ave #57192, chicago","41.79085","-87.59468729999999","(41.79085, -87.59468729999999)","057XX S Kimbark Ave",5
111,646,"chicago",1005,2,1,625,"Apartment for rent","7934-42 S Wabash, 7934 S Wabash Ave #G, Chicago, IL 60619",14.75,5,4.5,3.5,4.5,"7934 S Wabash Ave #G",60619,"7934 S Wabash Ave #G, chicago","41.7497501","-87.62350819999999","(41.7497501, -87.62350819999999)","079XX S Wabash Ave",57
112,652,"chicago",1650,2,1,950,"Apartment for rent","Shakespeare Apartments, 2903 W Shakespeare Ave #2911-3N, Chicago, IL 60647",14.59,2,4.5,3.5,4.5,"2903 W Shakespeare Ave #2911-3N",60647,"2903 W Shakespeare Ave #2911-3N, chicago","41.92048700000001","-87.7003974","(41.92048700000001, -87.7003974)","029XX W Shakespeare Ave",10
113,660,"chicago",2495,3,2,988,"Apartment for rent","5335-5345 S. Kimbark Avenue, 5335-5345 S Kimbark Ave #5337-1, Chicago, IL 60615",14.59,2,4.5,2,4.5,"5335-5345 S Kimbark Ave #5337-1",60615,"5335-5345 S Kimbark Ave #5337-1, chicago","41.798418","-87.59479759999999","(41.798418, -87.59479759999999)","053XX S Kimbark Ave",9
114,661,"chicago",775,0,1,400,"Apartment for rent","7102 S Luella, 7102 S Luella Ave APT 202, Chicago, IL 60649",14.75,2,4.5,2,4.5,"7102 S Luella Ave APT 202",60649,"7102 S Luella Ave APT 202, chicago","41.7660038","-87.57050919999999","(41.7660038, -87.57050919999999)","071XX S Luella Ave",17
115,664,"chicago",1095,2,1,796,"Apartment for rent","7800-06 S Morgan, 7800 S Morgan St #1011-2, Chicago, IL 60620",14.75,5,4.5,3.5,4.5,"7800 S Morgan St #1011-2",60620,"7800 S Morgan St #1011-2, chicago","41.7510347","-87.6487484","(41.7510347, -87.6487484)","078XX S Morgan St",35
116,669,"chicago",2154,0,1,584,"Apartment for rent","K Square, 1749 N Wells St APT 726, Chicago, IL 60614",14.92,1,4.5,2,4.5,"1749 N Wells St APT 726",60614,"1749 N Wells St APT 726, chicago","41.9142173","-87.6339272","(41.9142173, -87.6339272)","017XX N Wells St",29
117,676,"chicago",3995,2,2,1015,"Apartment for rent","1553 N. Wells St., 1553 N Wells St APT 303, Chicago, IL 60610",14.59,2,4.5,2,4.5,"1553 N Wells St APT 303",60610,"1553 N Wells St APT 303, chicago","41.9107682","-87.6343871","(41.9107682, -87.6343871)","015XX N Wells St",77
118,680,"chicago",1295,1,1,650,"Apartment for rent","5300 Sheridan, 5300 N Sheridan Rd APT 410, Chicago, IL 60640",14.92,5,4.5,2,4.5,"5300 N Sheridan Rd APT 410",60640,"5300 N Sheridan Rd APT 410, chicago","41.978447","-87.6554207","(41.978447, -87.6554207)","053XX N Sheridan Rd",21
119,681,"chicago",1520,1,1,861,"Apartment for rent","Larrabee Place at Parkside of Old Town, 545 W Division St, Chicago, IL 60610",14.59,3,4.5,2,4.5,"545 W Division St",60610,"545 W Division St, chicago","41.9032173","-87.64293099999999","(41.9032173, -87.64293099999999)","005XX W Division St",18
120,686,"chicago",2450,1,1,823,"Apartment for rent","K Square, 1749 N Wells St APT 2003, Chicago, IL 60614",14.92,1,4.5,2,4.5,"1749 N Wells St APT 2003",60614,"1749 N Wells St APT 2003, chicago","41.9142173","-87.6339272","(41.9142173, -87.6339272)","017XX N Wells St",29
121,701,"chicago",3600,4,2,1864,"Apartment for rent","5111 S. Kimbark Avenue, 5111 S Kimbark Ave, Chicago, IL 60615",14.59,5,4.5,2,4.5,"5111 S Kimbark Ave",60615,"5111 S Kimbark Ave, chicago","41.8019251","-87.59457379999999","(41.8019251, -87.59457379999999)","051XX S Kimbark Ave",13
122,702,"chicago",1750,2,2,1020,"Apartment for rent","1146 W. Morse Ave, 1146 W Morse Ave APT 1C, Chicago, IL 60626",14.92,5,4.5,2,4.5,"1146 W Morse Ave APT 1C",60626,"1146 W Morse Ave APT 1C, chicago","42.0083048","-87.6608566","(42.0083048, -87.6608566)","011XX W Morse Ave",10
123,704,"chicago",2850,3,2,881,"Apartment for rent","5326-5336 S. Greenwood Avenue, 5326-5336 S Greenwood Ave #5336-213, Chicago, IL 60615",14.59,5,4.5,2,4.5,"5326-5336 S Greenwood Ave #5336-213",60615,"5326-5336 S Greenwood Ave #5336-213, chicago","41.7985175","-87.6001878","(41.7985175, -87.6001878)","053XX S Greenwood Ave",9
124,705,"chicago",875,1,1,550,"Apartment for rent","7354-58 S Dorchester Ave, 7354 S Dorchester Ave #1350-3, Chicago, IL 60619",14.75,5,4.5,3,4.5,"7354 S Dorchester Ave #1350-3",60619,"7354 S Dorchester Ave #1350-3, chicago","41.760692","-87.591183","(41.760692, -87.591183)","073XX S Dorchester Ave",24
125,711,"chicago",2025,2,2,1061,"Apartment for rent","The Residences at Kedzie, 4447 N Kedzie Ave APT 210, Chicago, IL 60625",14.75,2,4.5,3.5,4.5,"4447 N Kedzie Ave APT 210",60625,"4447 N Kedzie Ave APT 210, chicago","41.9626262","-87.7080957","(41.9626262, -87.7080957)","044XX N Kedzie Ave",19
126,717,"chicago",2450,2,2,1047,"Apartment for rent","2000 N Milwaukee, 2000 Milwaukee Apartments, Chicago, IL 60647",14.59,2,4.5,3.5,4.5,"2000 Milwaukee Apartments",60647,"2000 Milwaukee Apartments, chicago","41.9177973","-87.6893144","(41.9177973, -87.6893144)","020XX Milwaukee Apartments NA",0
127,730,"chicago",1090,2,1,700,"Apartment for rent","9244 S Saginaw, 9244 S Saginaw Ave UNIT 9246-3W, Chicago, IL 60617",14.75,5,4.5,3,4.5,"9244 S Saginaw Ave UNIT 9246-3W",60617,"9244 S Saginaw Ave UNIT 9246-3W, chicago","41.7267298","-87.5597488","(41.7267298, -87.5597488)","092XX S Saginaw Ave",4
128,735,"chicago",2000,2,2,1175,"Apartment for rent","7129 W Belmont Ave, 7129 W Belmont Ave #XX1, Chicago, IL 60634",14.75,5,4.5,5,4.5,"7129 W Belmont Ave #XX1",60634,"7129 W Belmont Ave #XX1, chicago","41.9378548","-87.8050823","(41.9378548, -87.8050823)","071XX W Belmont Ave",4
129,744,"chicago",1700,1,1,668,"Apartment for rent","5532 S. Kimbark Avenue, 5532 S Kimbark Ave #1G, Chicago, IL 60637",14.75,2,4.5,2,4.5,"5532 S Kimbark Ave #1G",60637,"5532 S Kimbark Ave #1G, chicago","41.7940639","-87.59513849999999","(41.7940639, -87.59513849999999)","055XX S Kimbark Ave",2
130,748,"chicago",2302,2,2,1036,"Apartment for rent","The Concord at Sheridan, 6438 N Sheridan Rd #511, Chicago, IL 60626",14.92,2,4.5,2,4.5,"6438 N Sheridan Rd #511",60626,"6438 N Sheridan Rd #511, chicago","41.999288","-87.66087139999999","(41.999288, -87.66087139999999)","064XX N Sheridan Rd",156
131,750,"chicago",790,0,1,250,"Apartment for rent","801-05 E Drexel Square, 801 E Drexel Sq #805-3Q, Chicago, IL 60615",14.59,2,4.5,3,4.5,"801 E Drexel Sq #805-3Q",60615,"801 E Drexel Sq #805-3Q, chicago","41.80108269999999","-87.6061263","(41.80108269999999, -87.6061263)","008XX E Drexel Sq",0
132,752,"chicago",1395,2,1,840,"Apartment for rent","8456 S Wabash Ave, 8456 S Wabash Ave #26-3, Chicago, IL 60619",14.75,5,4.5,3.5,4.5,"8456 S Wabash Ave #26-3",60619,"8456 S Wabash Ave #26-3, chicago","41.7402053","-87.62320210000001","(41.7402053, -87.62320210000001)","084XX S Wabash Ave",18
133,754,"chicago",2095,1,1,970,"Apartment for rent","449-51 W Belden, 451 W Belden Ave #4511R, Chicago, IL 60614",14.92,2,4.5,2,4.5,"451 W Belden Ave #4511R",60614,"451 W Belden Ave #4511R, chicago","41.9235412","-87.640928","(41.9235412, -87.640928)","004XX W Belden Ave",8
134,759,"chicago",1225,2,1,698,"Apartment for rent","1501 E 68th, 1501 E 68th St #1513-1, Chicago, IL 60637",14.75,2,4.5,2,4.5,"1501 E 68th St #1513-1",60637,"1501 E 68th St #1513-1, chicago","41.7713982","-87.587766","(41.7713982, -87.587766)","015XX E 68th St",10
135,762,"chicago",845,0,1,500,"Apartment for rent","7145-49 S Indiana Ave, 7145 S Indiana Ave #7149-1A, Chicago, IL 60619",14.75,2,4.5,3,4.5,"7145 S Indiana Ave #7149-1A",60619,"7145 S Indiana Ave #7149-1A, chicago","41.7642688","-87.61998369999999","(41.7642688, -87.61998369999999)","071XX S Indiana Ave",11
136,768,"chicago",985,2,1,825,"Apartment for rent","7901 S Paxton, 7901 S Paxton Ave APT 1C, Chicago, IL 60617",14.75,2,4.5,3,4.5,"7901 S Paxton Ave APT 1C",60617,"7901 S Paxton Ave APT 1C, chicago","41.751432","-87.570909","(41.751432, -87.570909)","079XX S Paxton Ave",32
137,778,"chicago",810,1,1,625,"Apartment for rent","8001-03 S Carpenter, 8001 S Carpenter St #1017-1, Chicago, IL 60620",14.75,2,4.5,3.5,4.5,"8001 S Carpenter St #1017-1",60620,"8001 S Carpenter St #1017-1, chicago","41.7486113","-87.6498427","(41.7486113, -87.6498427)","080XX S Carpenter St",26
138,779,"chicago",885,2,1,650,"Apartment for rent","7914-16 S Kingston Ave, 7914 S Kingston Ave #7916-3W, Chicago, IL 60617",14.75,2,4.5,2,4.5,"7914 S Kingston Ave #7916-3W",60617,"7914 S Kingston Ave #7916-3W, chicago","41.75127","-87.56299489999999","(41.75127, -87.56299489999999)","079XX S Kingston Ave",46
139,784,"chicago",1500,2,1,925,"Apartment for rent","Drexel Terrace, 5043 S Drexel Blvd #201, Chicago, IL 60615",14.59,5,4.5,2,4.5,"5043 S Drexel Blvd #201",60615,"5043 S Drexel Blvd #201, chicago","41.8027804","-87.6032974","(41.8027804, -87.6032974)","050XX S Drexel Blvd",41
140,793,"chicago",740,0,1,375,"Apartment for rent","211-17 E 71st, 211 E 71st St #215-301, Chicago, IL 60619",14.75,2,4.5,3,4.5,"211 E 71st St #215-301",60619,"211 E 71st St #215-301, chicago","41.7654228","-87.6193811","(41.7654228, -87.6193811)","002XX E 71st St",10
